{"cameraMode":{"drawMode":0,"name":"Shaded","section":"Shading Mode"},"sceneLighting":false,"audioPlay":false,"sceneViewState":{"m_AlwaysRefresh":false,"showFog":true,"showSkybox":true,"showFlares":true,"showImageEffects":true,"showParticleSystems":true,"showVisualEffectGraphs":true,"m_FxEnabled":true},"in2DMode":false,"pivot":{"x":4.996891021728516,"y":0.4784233570098877,"z":4.9474663734436039},"rotation":{"x":0.16469314694404603,"y":0.7216275334358215,"z":-0.18372777104377747,"w":0.6468375325202942},"size":9.757723808288575,"orthographic":false}